{"cameraMode":{"drawMode":0,"name":"Shaded","section":"Shading Mode"},"sceneLighting":true,"audioPlay":false,"sceneViewState":{"m_AlwaysRefresh":false,"showFog":true,"showSkybox":true,"showFlares":true,"showImageEffects":true,"showParticleSystems":true,"showVisualEffectGraphs":true,"m_FxEnabled":true},"in2DMode":false,"pivot":{"x":4.914604187011719,"y":27.028532028198243,"z":3.0161426067352297},"rotation":{"x":0.2575024664402008,"y":-0.16853004693984986,"z":-0.04567067697644234,"w":-0.9503965377807617},"size":14.737093925476075,"orthographic":false}